"trailername","chapters","gist","highlights","summary"
"borderlands","","","",""
"fallguy","","","",""
"daddio","","","",""
"strangers","","","",""
"transformers","","","",""
"moon","","","",""
"badboy","","","",""
"apes","","","",""
"exorcist","","","",""
"atlas","","","",""
"maxxxine","","","",""
"furiosa","","","",""
"garfield","{""chapters"":{""L"":[{""M"":{""chapter_number"":{""N"":""0""},""chapter_summary"":{""S"":""The video opens with a series of humorous interactions showcasing Garfield's personality, including his insatiable appetite and his adoption of John. These scenes set the tone for the movie, highlighting Garfield's mischievous yet endearing character.""},""start"":{""N"":""0""},""chapter_title"":{""S"":""Garfield's Introduction""},""end"":{""N"":""74""}}},{""M"":{""chapter_number"":{""N"":""1""},""chapter_summary"":{""S"":""Following the introduction, Garfield embarks on various adventures, encountering challenges and showcasing his witty responses. The dialogue reveals Garfield's unique perspective on life, emphasizing his cleverness and humor.""},""start"":{""N"":""74""},""chapter_title"":{""S"":""Garfield's Adventures""},""end"":{""N"":""99""}}},{""M"":{""chapter_number"":{""N"":""2""},""chapter_summary"":{""S"":""A significant portion of the trailer is dedicated to Garfield's eating habits, with a humorous warning about the upcoming eating scene. This segment highlights Garfield's love for food and his ability to turn eating into an entertaining spectacle.""},""start"":{""N"":""98""},""chapter_title"":{""S"":""The Eating Scene""},""end"":{""N"":""126""}}},{""M"":{""chapter_number"":{""N"":""3""},""chapter_summary"":{""S"":""The trailer showcases interactions between Garfield, other characters, and his environment. These interactions include moments of humor, surprise, and Garfield's reactions to various situations, culminating in a playful and engaging narrative.""},""start"":{""N"":""126""},""chapter_title"":{""S"":""Character Interactions""},""end"":{""N"":""162""}}},{""M"":{""chapter_number"":{""N"":""4""},""chapter_summary"":{""S"":""The trailer concludes with a call to action, encouraging viewers to subscribe for more content and to watch the movie in theaters. This final segment aims to build anticipation and engage the audience with the promise of more entertainment.""},""start"":{""N"":""162""},""chapter_title"":{""S"":""Conclusion and Call to Action""},""end"":{""N"":""171""}}}]},""id"":{""S"":""7befadbb-67d7-4f68-9f60-54f1f5d2cfc4""}}","{""id"":{""S"":""a2584321-a9f2-4429-9451-76894435a9e3""},""title"":{""S"":""The Garfield Movie: A Hungry, Humorous Adventure for the Whole Family""},""hashtags"":{""L"":[{""S"":""GarfieldMovie""},{""S"":""AnimatedComedy""},{""S"":""CatAdventures""},{""S"":""PizzaLove""},{""S"":""PetHumor""},{""S"":""MovieTeaser""},{""S"":""TheaterRelease""}]},""topics"":{""L"":[{""S"":"" The Garfield Movie Trailer - Garfield's Humorous Food Obsession and Interactions.""}]}}","{""id"":{""S"":""e02bdd43-e472-4053-a82c-2a27edaab590""},""highlights"":{""L"":[{""M"":{""start"":{""N"":""91""},""highlight"":{""S"":""Garfield's Cheese Binge""},""end"":{""N"":""102""},""highlight_index"":{""N"":""0""},""highlight_summary"":{""S"":""In a humorous turn, Garfield demands to be buried in cheese, leading to a disclaimer about the upcoming messy eating scene, emphasizing the character's love for food.""}}},{""M"":{""start"":{""N"":""74""},""highlight"":{""S"":""Garfield Adopts John""},""end"":{""N"":""83""},""highlight_index"":{""N"":""1""},""highlight_summary"":{""S"":""Garfield narrates the quirky story of how he adopted his owner, John, followed by a comedic interaction involving a spatula and Garfield's aversion to it, showcasing the playful nature of their relationship.""}}},{""M"":{""start"":{""N"":""123""},""highlight"":{""S"":""Odie's Misadventure""},""end"":{""N"":""150""},""highlight_index"":{""N"":""2""},""highlight_summary"":{""S"":""A light-hearted sequence where Odie, presumably the dog character, fails to see an obstacle coming, leading to a series of events where characters express their desire to be acknowledged, culminating in Garfield's witty commentary.""}}},{""M"":{""start"":{""N"":""0""},""highlight"":{""S"":""Opening Question""},""end"":{""N"":""1""},""highlight_index"":{""N"":""3""},""highlight_summary"":{""S"":""The video opens with a recurring question posed to Garfield, 'You hungry, little guy?' setting the tone for the trailer's focus on Garfield's love for food and humorous situations.""}}}]}}","{""summary"":{""S"":""The video serves as a captivating promotional teaser for \""The Garfield Movie,\"" an animated feature that promises to deliver a mix of humor, adventure, and the timeless charm of its orange feline protagonist. Throughout the trailer, viewers are treated to a glimpse into Garfield's world, showcasing his interactions with a diverse cast of characters, including his canine companion and his human owner, John. The trailer cleverly plays on Garfield's well-known characteristics, such as his insatiable appetite, his knack for getting into comedic predicaments, and his unique way of looking at life.\nThe narrative thread of the trailer suggests a storyline that sees Garfield navigating through various environments, from the comfort of his home to the alleys and eateries that form his larger playground. The dialogue snippets, filled with humor and wit, hint at the adventures and misadventures Garfield embarks upon, including his humorous attempts at adopting John, engaging with food in hilariously excessive ways, and encountering challenges that test his mettle in the funniest ways possible.\nOne recurring theme in the dialogues is Garfield's endless hunger, emphasized through repeated inquiries about his appetite, leading to comedic situations that involve food, such as being buried in cheese and the exaggerated warning about the upcoming eating scene being unsuitable for young viewers. Additionally, the introduction of characters like Vic, presumably Garfield's father, adds another layer to the narrative, suggesting familial ties and perhaps a backstory that the movie will explore.\nThe trailer's visual and audio elements work in concert to paint a vivid picture of the movie's tone and setting. It promises an experience filled with laughter, warmth, and the occasional poignant moment, staying true to the essence of the Garfield franchise. The call to action at the trailer's conclusion, urging viewers to subscribe for more content and to watch the movie in theaters, serves as an effective hook, leveraging the anticipation and nostalgia associated with Garfield to attract a wide audience.\nOverall, \""The Garfield Movie\"" trailer teases an animated film that is both a homage to the beloved comic strip cat and an invitation to a new generation of viewers to experience his antics. With its blend of humor, character-driven storytelling, and the promise of heartwarming moments, the movie positions itself as a must-watch for fans and newcomers alike, setting the stage for what could be a memorable addition to the Garfield legacy.""},""id"":{""S"":""901856a2-023c-4dad-b78a-380ac2bbf986""}}"
"deadpool","{""chapters"":{""L"":[{""M"":{""chapter_number"":{""N"":""0""},""start"":{""N"":""0""},""chapter_summary"":{""S"":""The video opens with a tense scene in a bar where Deadpool is confronted and told to leave, leading to a series of quick, humorous exchanges highlighting his defiant and humorous nature.""},""chapter_title"":{""S"":""Tense Bar Encounter""},""end"":{""N"":""30""}}},{""M"":{""chapter_number"":{""N"":""1""},""start"":{""N"":""30""},""chapter_summary"":{""S"":""Deadpool faces a personal crisis and is approached by a character seeking his help, leading to a discussion about his past as an X-Man and his reluctance to be considered a hero.""},""chapter_title"":{""S"":""A Call to Action""},""end"":{""N"":""66""}}},{""M"":{""chapter_number"":{""N"":""2""},""start"":{""N"":""66""},""chapter_summary"":{""S"":""Despite his initial reluctance, Deadpool's conversation reveals his inner conflict and the possibility of him taking on a heroic role once again.""},""chapter_title"":{""S"":""Reluctant Hero""},""end"":{""N"":""94""}}},{""M"":{""chapter_number"":{""N"":""3""},""start"":{""N"":""94""},""chapter_summary"":{""S"":""The trailer showcases a series of action-packed and humorous scenes, emphasizing Deadpool's unique approach to heroism and combat.""},""chapter_title"":{""S"":""Action and Humor""},""end"":{""N"":""132""}}},{""M"":{""chapter_number"":{""N"":""4""},""start"":{""N"":""132""},""chapter_summary"":{""S"":""In the final moments, Deadpool and another character share a light-hearted conversation about the limits of their adventure, blending humor with a hint of camaraderie.""},""chapter_title"":{""S"":""Candid Moments""},""end"":{""N"":""159""}}}]},""id"":{""S"":""526df921-de46-4a25-b5c7-b3a4c4280171""}}","{""id"":{""S"":""d97fa33d-65b4-4237-a51a-59a0fba31c7b""},""title"":{""S"":""Deadpool 2: A Humorous and Action-Packed Adventure of Redemption and Chaos""},""hashtags"":{""L"":[{""S"":""Deadpool2""},{""S"":""superhero""},{""S"":""actioncomedy""},{""S"":""Marvel""},{""S"":""XMen""},{""S"":""cinematicuniverse""},{""S"":""moviepromo""}]},""topics"":{""L"":[{""S"":"" Deadpool 2 - Action-packed Promo with Humor and Drama, Featuring Deadpool and His Allies.""}]}}","{""id"":{""S"":""5d282ec7-c39b-4295-95ab-1e5bb96d9ada""},""highlights"":{""L"":[{""M"":{""start"":{""N"":""115""},""highlight"":{""S"":""Epic Battle Sequence""},""end"":{""N"":""132""},""highlight_index"":{""N"":""0""},""highlight_summary"":{""S"":""The climax of the trailer showcases a big slow-motion action sequence, emphasizing the high stakes and dynamic combat Deadpool is involved in. This moment encapsulates the essence of the movie's action-packed narrative.""}}},{""M"":{""start"":{""N"":""74""},""highlight"":{""S"":""Deadpool's Reluctance and Heroism""},""end"":{""N"":""88""},""highlight_index"":{""N"":""1""},""highlight_summary"":{""S"":""Deadpool expresses his doubts about being a hero and saving worlds, yet is reminded of his past as an X-Man, highlighting his internal conflict and the journey he must undertake.""}}},{""M"":{""start"":{""N"":""0""},""highlight"":{""S"":""Tense Bar Encounter""},""end"":{""N"":""30""},""highlight_index"":{""N"":""2""},""highlight_summary"":{""S"":""The trailer opens with a tense encounter in a bar, setting the tone for the movie. Deadpool is told he's not welcome, leading to a humorous yet sharp exchange that showcases his character's wit and resilience.""}}},{""M"":{""start"":{""N"":""138""},""highlight"":{""S"":""Humorous Banter""},""end"":{""N"":""154""},""highlight_index"":{""N"":""3""},""highlight_summary"":{""S"":""In a lighter moment, Deadpool and another character engage in humorous banter about various slang terms for cocaine, showcasing the movie's blend of humor and action. Despite the intense moments, food and drink references like 'Do you wanna build a snowman?' add a quirky, relatable layer to the characters.""}}}]}}","{""summary"":{""S"":""The video serves as a high-energy and humor-filled trailer for \""Deadpool 2,\"" showcasing a blend of action, comedy, and drama synonymous with the titular character's franchise. Opening with a tense interaction in a bar, Deadpool is quickly established as a persona non grata, setting the tone for his usual rogue demeanor. The trailer progresses to highlight Deadpool's reluctant partnership with another character, possibly an ally or another superhero, as they navigate through various scenarios ranging from casual strolls in the city to high-stakes combat in snowy landscapes. The visual cues, combined with the rapid-fire dialogue, underscore the film's dynamic action sequences and Deadpool's acerbic wit.\nDeadpool's interactions with various characters reveal his complex relationships and the film's layered narrative. Early on, a confrontation in a bar and Deadpool's banter with an unnamed woman hint at his challenging interpersonal dynamics. His back-and-forth with this woman, coupled with his dismissive retorts to advice and assistance, encapsulate his anti-hero persona, balancing between seeking help and asserting his independence.\nThe trailer cleverly intersperses moments of self-aware humor, with Deadpool making meta-references to superhero tropes and the X-Men franchise. His quips about Wolverine, a nod to the audience about the character's legacy and Deadpool's own place within the larger superhero canon, inject a layer of intertextual comedy. Moreover, the dialogue teases the film's narrative stakes, with Deadpool hinting at personal loss and a mission that involves saving or significantly impacting the world, albeit with his characteristic reluctance and self-deprecation.\nHigh-octane action sequences are prominently featured, showcasing Deadpool's combat skills, his use of signature weapons, and his knack for surviving (and thriving) in chaotic battles. These scenes are punctuated by Deadpool's humor, including a tongue-in-cheek discussion about drug references that cleverly skirts the boundaries of what's permissible, reflecting Deadpool's tendency to push limits in both action and comedy.\nIn a moment of calm amidst the storm, Deadpool is shown sharing a quiet moment with an older woman, hinting at the film's emotional depth and the character's capacity for connection beyond his brash exterior. This brief respite underscores the trailer's ability to balance high-stakes action with character-driven moments, encapsulating the essence of the Deadpool franchise.\nThe trailer for \""Deadpool 2\"" encapsulates the film's appeal, blending fast-paced action, sharp wit, and a hint of emotional depth, all while breaking the fourth wall and playing with superhero conventions. It promises a film that is as much a continuation of Deadpool's journey as it is a standalone adventure capable of drawing in both fans of the first film and newcomers to the franchise.""},""id"":{""S"":""860470f2-6e31-431e-8660-5f9f2c4500a7""}}"
"idea","","","",""